/home/pi/project/03_NeuralNetworks/001_DataCollection/DataCollected/IMG19/Image_1681244624289005.jpg,0.0
/home/pi/project/03_NeuralNetworks/001_DataCollection/DataCollected/IMG19/Image_1681244624519347.jpg,0.0
/home/pi/project/03_NeuralNetworks/001_DataCollection/DataCollected/IMG19/Image_1681244624735902.jpg,0.0
/home/pi/project/03_NeuralNetworks/001_DataCollection/DataCollected/IMG19/Image_1681244624953638.jpg,0.0
/home/pi/project/03_NeuralNetworks/001_DataCollection/DataCollected/IMG19/Image_1681244625174066.jpg,0.0
/home/pi/project/03_NeuralNetworks/001_DataCollection/DataCollected/IMG19/Image_1681244625393748.jpg,0.0
/home/pi/project/03_NeuralNetworks/001_DataCollection/DataCollected/IMG19/Image_1681244625613805.jpg,0.0
/home/pi/project/03_NeuralNetworks/001_DataCollection/DataCollected/IMG19/Image_168124462583026.jpg,0.0
/home/pi/project/03_NeuralNetworks/001_DataCollection/DataCollected/IMG19/Image_1681244626047036.jpg,0.0
/home/pi/project/03_NeuralNetworks/001_DataCollection/DataCollected/IMG19/Image_1681244626261975.jpg,0.0
/home/pi/project/03_NeuralNetworks/001_DataCollection/DataCollected/IMG19/Image_1681244626477675.jpg,0.06
/home/pi/project/03_NeuralNetworks/001_DataCollection/DataCollected/IMG19/Image_168124462669304.jpg,0.0
/home/pi/project/03_NeuralNetworks/001_DataCollection/DataCollected/IMG19/Image_1681244626907338.jpg,0.0
/home/pi/project/03_NeuralNetworks/001_DataCollection/DataCollected/IMG19/Image_1681244627121773.jpg,0.0
/home/pi/project/03_NeuralNetworks/001_DataCollection/DataCollected/IMG19/Image_1681244627337259.jpg,1.0
/home/pi/project/03_NeuralNetworks/001_DataCollection/DataCollected/IMG19/Image_1681244627552416.jpg,0.0
/home/pi/project/03_NeuralNetworks/001_DataCollection/DataCollected/IMG19/Image_1681244627767538.jpg,0.0
/home/pi/project/03_NeuralNetworks/001_DataCollection/DataCollected/IMG19/Image_1681244627981822.jpg,0.0
/home/pi/project/03_NeuralNetworks/001_DataCollection/DataCollected/IMG19/Image_1681244628196014.jpg,0.0
/home/pi/project/03_NeuralNetworks/001_DataCollection/DataCollected/IMG19/Image_1681244628410572.jpg,0.0
/home/pi/project/03_NeuralNetworks/001_DataCollection/DataCollected/IMG19/Image_1681244628625843.jpg,0.0
/home/pi/project/03_NeuralNetworks/001_DataCollection/DataCollected/IMG19/Image_1681244628840723.jpg,0.0
/home/pi/project/03_NeuralNetworks/001_DataCollection/DataCollected/IMG19/Image_1681244629055751.jpg,0.0
/home/pi/project/03_NeuralNetworks/001_DataCollection/DataCollected/IMG19/Image_1681244629271246.jpg,0.0
/home/pi/project/03_NeuralNetworks/001_DataCollection/DataCollected/IMG19/Image_1681244629489976.jpg,0.98
/home/pi/project/03_NeuralNetworks/001_DataCollection/DataCollected/IMG19/Image_1681244629706123.jpg,0.0
/home/pi/project/03_NeuralNetworks/001_DataCollection/DataCollected/IMG19/Image_1681244629920851.jpg,0.0
/home/pi/project/03_NeuralNetworks/001_DataCollection/DataCollected/IMG19/Image_1681244630136827.jpg,0.0
/home/pi/project/03_NeuralNetworks/001_DataCollection/DataCollected/IMG19/Image_1681244630350725.jpg,0.0
/home/pi/project/03_NeuralNetworks/001_DataCollection/DataCollected/IMG19/Image_1681244630566627.jpg,0.0
/home/pi/project/03_NeuralNetworks/001_DataCollection/DataCollected/IMG19/Image_1681244630786322.jpg,0.0
/home/pi/project/03_NeuralNetworks/001_DataCollection/DataCollected/IMG19/Image_1681244631008454.jpg,0.97
/home/pi/project/03_NeuralNetworks/001_DataCollection/DataCollected/IMG19/Image_168124463122957.jpg,0.0
/home/pi/project/03_NeuralNetworks/001_DataCollection/DataCollected/IMG19/Image_1681244631452987.jpg,0.0
/home/pi/project/03_NeuralNetworks/001_DataCollection/DataCollected/IMG19/Image_1681244631670182.jpg,0.0
/home/pi/project/03_NeuralNetworks/001_DataCollection/DataCollected/IMG19/Image_1681244631885822.jpg,1.0
/home/pi/project/03_NeuralNetworks/001_DataCollection/DataCollected/IMG19/Image_1681244632102026.jpg,0.0
/home/pi/project/03_NeuralNetworks/001_DataCollection/DataCollected/IMG19/Image_1681244632316151.jpg,0.0
/home/pi/project/03_NeuralNetworks/001_DataCollection/DataCollected/IMG19/Image_1681244632533122.jpg,0.0
/home/pi/project/03_NeuralNetworks/001_DataCollection/DataCollected/IMG19/Image_1681244632749715.jpg,0.0
/home/pi/project/03_NeuralNetworks/001_DataCollection/DataCollected/IMG19/Image_1681244632964619.jpg,0.0
/home/pi/project/03_NeuralNetworks/001_DataCollection/DataCollected/IMG19/Image_1681244633179046.jpg,0.0
/home/pi/project/03_NeuralNetworks/001_DataCollection/DataCollected/IMG19/Image_1681244633396981.jpg,1.0
/home/pi/project/03_NeuralNetworks/001_DataCollection/DataCollected/IMG19/Image_168124463361173.jpg,0.0
/home/pi/project/03_NeuralNetworks/001_DataCollection/DataCollected/IMG19/Image_1681244633828547.jpg,0.0
/home/pi/project/03_NeuralNetworks/001_DataCollection/DataCollected/IMG19/Image_1681244634044342.jpg,0.0
/home/pi/project/03_NeuralNetworks/001_DataCollection/DataCollected/IMG19/Image_1681244634258284.jpg,0.11
/home/pi/project/03_NeuralNetworks/001_DataCollection/DataCollected/IMG19/Image_1681244634478487.jpg,0.0
/home/pi/project/03_NeuralNetworks/001_DataCollection/DataCollected/IMG19/Image_1681244634692963.jpg,0.0
/home/pi/project/03_NeuralNetworks/001_DataCollection/DataCollected/IMG19/Image_1681244634908374.jpg,0.0
/home/pi/project/03_NeuralNetworks/001_DataCollection/DataCollected/IMG19/Image_1681244635123249.jpg,0.0
/home/pi/project/03_NeuralNetworks/001_DataCollection/DataCollected/IMG19/Image_1681244635338613.jpg,0.0
/home/pi/project/03_NeuralNetworks/001_DataCollection/DataCollected/IMG19/Image_1681244635555635.jpg,0.0
/home/pi/project/03_NeuralNetworks/001_DataCollection/DataCollected/IMG19/Image_1681244635772107.jpg,0.0
/home/pi/project/03_NeuralNetworks/001_DataCollection/DataCollected/IMG19/Image_168124463598847.jpg,0.0
/home/pi/project/03_NeuralNetworks/001_DataCollection/DataCollected/IMG19/Image_1681244636204558.jpg,0.0
/home/pi/project/03_NeuralNetworks/001_DataCollection/DataCollected/IMG19/Image_1681244636419677.jpg,0.0
/home/pi/project/03_NeuralNetworks/001_DataCollection/DataCollected/IMG19/Image_168124463663948.jpg,0.0
/home/pi/project/03_NeuralNetworks/001_DataCollection/DataCollected/IMG19/Image_1681244636856961.jpg,0.0
/home/pi/project/03_NeuralNetworks/001_DataCollection/DataCollected/IMG19/Image_1681244637073032.jpg,0.0
/home/pi/project/03_NeuralNetworks/001_DataCollection/DataCollected/IMG19/Image_1681244637288772.jpg,0.0
/home/pi/project/03_NeuralNetworks/001_DataCollection/DataCollected/IMG19/Image_1681244637504566.jpg,0.0
/home/pi/project/03_NeuralNetworks/001_DataCollection/DataCollected/IMG19/Image_1681244637719157.jpg,1.0
/home/pi/project/03_NeuralNetworks/001_DataCollection/DataCollected/IMG19/Image_1681244637934167.jpg,0.0
/home/pi/project/03_NeuralNetworks/001_DataCollection/DataCollected/IMG19/Image_1681244638151374.jpg,0.0
/home/pi/project/03_NeuralNetworks/001_DataCollection/DataCollected/IMG19/Image_1681244638367599.jpg,0.0
/home/pi/project/03_NeuralNetworks/001_DataCollection/DataCollected/IMG19/Image_1681244638584046.jpg,0.0
/home/pi/project/03_NeuralNetworks/001_DataCollection/DataCollected/IMG19/Image_1681244638799231.jpg,0.0
/home/pi/project/03_NeuralNetworks/001_DataCollection/DataCollected/IMG19/Image_168124463901395.jpg,0.0
/home/pi/project/03_NeuralNetworks/001_DataCollection/DataCollected/IMG19/Image_1681244639230687.jpg,0.0
/home/pi/project/03_NeuralNetworks/001_DataCollection/DataCollected/IMG19/Image_1681244639446447.jpg,0.0
/home/pi/project/03_NeuralNetworks/001_DataCollection/DataCollected/IMG19/Image_1681244639668312.jpg,0.0
/home/pi/project/03_NeuralNetworks/001_DataCollection/DataCollected/IMG19/Image_1681244639884254.jpg,0.0
/home/pi/project/03_NeuralNetworks/001_DataCollection/DataCollected/IMG19/Image_168124464010039.jpg,0.0
/home/pi/project/03_NeuralNetworks/001_DataCollection/DataCollected/IMG19/Image_168124464031731.jpg,1.0
/home/pi/project/03_NeuralNetworks/001_DataCollection/DataCollected/IMG19/Image_1681244640535092.jpg,0.0
/home/pi/project/03_NeuralNetworks/001_DataCollection/DataCollected/IMG19/Image_1681244640751656.jpg,0.0
/home/pi/project/03_NeuralNetworks/001_DataCollection/DataCollected/IMG19/Image_1681244640967908.jpg,0.0
/home/pi/project/03_NeuralNetworks/001_DataCollection/DataCollected/IMG19/Image_1681244641184692.jpg,0.0
/home/pi/project/03_NeuralNetworks/001_DataCollection/DataCollected/IMG19/Image_168124464140066.jpg,0.0
/home/pi/project/03_NeuralNetworks/001_DataCollection/DataCollected/IMG19/Image_1681244641616567.jpg,0.0
/home/pi/project/03_NeuralNetworks/001_DataCollection/DataCollected/IMG19/Image_1681244641837631.jpg,0.0
/home/pi/project/03_NeuralNetworks/001_DataCollection/DataCollected/IMG19/Image_1681244642057981.jpg,0.0
/home/pi/project/03_NeuralNetworks/001_DataCollection/DataCollected/IMG19/Image_1681244642281908.jpg,0.0
/home/pi/project/03_NeuralNetworks/001_DataCollection/DataCollected/IMG19/Image_1681244642506315.jpg,0.0
/home/pi/project/03_NeuralNetworks/001_DataCollection/DataCollected/IMG19/Image_1681244642724891.jpg,0.0
/home/pi/project/03_NeuralNetworks/001_DataCollection/DataCollected/IMG19/Image_1681244642940618.jpg,0.0
/home/pi/project/03_NeuralNetworks/001_DataCollection/DataCollected/IMG19/Image_1681244643156829.jpg,0.0
/home/pi/project/03_NeuralNetworks/001_DataCollection/DataCollected/IMG19/Image_1681244643373097.jpg,0.0
/home/pi/project/03_NeuralNetworks/001_DataCollection/DataCollected/IMG19/Image_1681244643587291.jpg,0.0
/home/pi/project/03_NeuralNetworks/001_DataCollection/DataCollected/IMG19/Image_1681244643802795.jpg,0.0
/home/pi/project/03_NeuralNetworks/001_DataCollection/DataCollected/IMG19/Image_1681244644018335.jpg,0.0
/home/pi/project/03_NeuralNetworks/001_DataCollection/DataCollected/IMG19/Image_1681244644233976.jpg,0.0
/home/pi/project/03_NeuralNetworks/001_DataCollection/DataCollected/IMG19/Image_1681244644450987.jpg,0.0
/home/pi/project/03_NeuralNetworks/001_DataCollection/DataCollected/IMG19/Image_168124464467087.jpg,0.0
/home/pi/project/03_NeuralNetworks/001_DataCollection/DataCollected/IMG19/Image_1681244644886628.jpg,1.0
/home/pi/project/03_NeuralNetworks/001_DataCollection/DataCollected/IMG19/Image_1681244645102152.jpg,0.0
/home/pi/project/03_NeuralNetworks/001_DataCollection/DataCollected/IMG19/Image_1681244645317976.jpg,0.0
/home/pi/project/03_NeuralNetworks/001_DataCollection/DataCollected/IMG19/Image_1681244645533893.jpg,0.92
/home/pi/project/03_NeuralNetworks/001_DataCollection/DataCollected/IMG19/Image_1681244645749806.jpg,0.0
/home/pi/project/03_NeuralNetworks/001_DataCollection/DataCollected/IMG19/Image_16812446459654.jpg,0.0
/home/pi/project/03_NeuralNetworks/001_DataCollection/DataCollected/IMG19/Image_1681244646181528.jpg,0.0
/home/pi/project/03_NeuralNetworks/001_DataCollection/DataCollected/IMG19/Image_1681244646397487.jpg,0.0
/home/pi/project/03_NeuralNetworks/001_DataCollection/DataCollected/IMG19/Image_1681244646614141.jpg,0.0
/home/pi/project/03_NeuralNetworks/001_DataCollection/DataCollected/IMG19/Image_1681244646829963.jpg,0.0
/home/pi/project/03_NeuralNetworks/001_DataCollection/DataCollected/IMG19/Image_1681244647045592.jpg,0.0
/home/pi/project/03_NeuralNetworks/001_DataCollection/DataCollected/IMG19/Image_1681244647261206.jpg,1.0
/home/pi/project/03_NeuralNetworks/001_DataCollection/DataCollected/IMG19/Image_1681244647477023.jpg,0.0
/home/pi/project/03_NeuralNetworks/001_DataCollection/DataCollected/IMG19/Image_1681244647696217.jpg,0.0
/home/pi/project/03_NeuralNetworks/001_DataCollection/DataCollected/IMG19/Image_1681244647921898.jpg,0.0
/home/pi/project/03_NeuralNetworks/001_DataCollection/DataCollected/IMG19/Image_1681244648148385.jpg,0.0
/home/pi/project/03_NeuralNetworks/001_DataCollection/DataCollected/IMG19/Image_1681244648375169.jpg,1.0
/home/pi/project/03_NeuralNetworks/001_DataCollection/DataCollected/IMG19/Image_1681244648599681.jpg,0.0
/home/pi/project/03_NeuralNetworks/001_DataCollection/DataCollected/IMG19/Image_1681244648817272.jpg,0.0
/home/pi/project/03_NeuralNetworks/001_DataCollection/DataCollected/IMG19/Image_1681244649033295.jpg,0.0
/home/pi/project/03_NeuralNetworks/001_DataCollection/DataCollected/IMG19/Image_168124464925009.jpg,1.0
/home/pi/project/03_NeuralNetworks/001_DataCollection/DataCollected/IMG19/Image_1681244649466.jpg,0.0
/home/pi/project/03_NeuralNetworks/001_DataCollection/DataCollected/IMG19/Image_1681244649686756.jpg,0.0
/home/pi/project/03_NeuralNetworks/001_DataCollection/DataCollected/IMG19/Image_1681244649903878.jpg,0.0
/home/pi/project/03_NeuralNetworks/001_DataCollection/DataCollected/IMG19/Image_1681244650118923.jpg,0.0
/home/pi/project/03_NeuralNetworks/001_DataCollection/DataCollected/IMG19/Image_1681244650335822.jpg,0.0
/home/pi/project/03_NeuralNetworks/001_DataCollection/DataCollected/IMG19/Image_1681244650552456.jpg,0.0
/home/pi/project/03_NeuralNetworks/001_DataCollection/DataCollected/IMG19/Image_1681244650768792.jpg,0.0
/home/pi/project/03_NeuralNetworks/001_DataCollection/DataCollected/IMG19/Image_1681244650983332.jpg,0.0
/home/pi/project/03_NeuralNetworks/001_DataCollection/DataCollected/IMG19/Image_1681244651199332.jpg,0.0
/home/pi/project/03_NeuralNetworks/001_DataCollection/DataCollected/IMG19/Image_1681244651416104.jpg,0.0
/home/pi/project/03_NeuralNetworks/001_DataCollection/DataCollected/IMG19/Image_1681244651631857.jpg,0.0
/home/pi/project/03_NeuralNetworks/001_DataCollection/DataCollected/IMG19/Image_1681244651848155.jpg,0.72
/home/pi/project/03_NeuralNetworks/001_DataCollection/DataCollected/IMG19/Image_1681244652064056.jpg,0.0
/home/pi/project/03_NeuralNetworks/001_DataCollection/DataCollected/IMG19/Image_1681244652280024.jpg,0.0
/home/pi/project/03_NeuralNetworks/001_DataCollection/DataCollected/IMG19/Image_168124465249556.jpg,0.0
/home/pi/project/03_NeuralNetworks/001_DataCollection/DataCollected/IMG19/Image_1681244652710253.jpg,0.0
/home/pi/project/03_NeuralNetworks/001_DataCollection/DataCollected/IMG19/Image_1681244652926198.jpg,0.04
/home/pi/project/03_NeuralNetworks/001_DataCollection/DataCollected/IMG19/Image_1681244653142188.jpg,0.0
/home/pi/project/03_NeuralNetworks/001_DataCollection/DataCollected/IMG19/Image_168124465335887.jpg,0.0
/home/pi/project/03_NeuralNetworks/001_DataCollection/DataCollected/IMG19/Image_1681244653575503.jpg,0.0
/home/pi/project/03_NeuralNetworks/001_DataCollection/DataCollected/IMG19/Image_1681244653801205.jpg,0.0
/home/pi/project/03_NeuralNetworks/001_DataCollection/DataCollected/IMG19/Image_1681244654028087.jpg,0.0
/home/pi/project/03_NeuralNetworks/001_DataCollection/DataCollected/IMG19/Image_1681244654251117.jpg,0.0
/home/pi/project/03_NeuralNetworks/001_DataCollection/DataCollected/IMG19/Image_1681244654476441.jpg,0.0
/home/pi/project/03_NeuralNetworks/001_DataCollection/DataCollected/IMG19/Image_1681244654696448.jpg,0.0
/home/pi/project/03_NeuralNetworks/001_DataCollection/DataCollected/IMG19/Image_1681244654912144.jpg,0.0
/home/pi/project/03_NeuralNetworks/001_DataCollection/DataCollected/IMG19/Image_1681244655129575.jpg,0.0
/home/pi/project/03_NeuralNetworks/001_DataCollection/DataCollected/IMG19/Image_1681244655346525.jpg,0.0
/home/pi/project/03_NeuralNetworks/001_DataCollection/DataCollected/IMG19/Image_1681244655562969.jpg,0.0
/home/pi/project/03_NeuralNetworks/001_DataCollection/DataCollected/IMG19/Image_1681244655779384.jpg,0.0
/home/pi/project/03_NeuralNetworks/001_DataCollection/DataCollected/IMG19/Image_1681244655995951.jpg,0.0
/home/pi/project/03_NeuralNetworks/001_DataCollection/DataCollected/IMG19/Image_1681244656212363.jpg,0.0
/home/pi/project/03_NeuralNetworks/001_DataCollection/DataCollected/IMG19/Image_1681244656428275.jpg,0.0
/home/pi/project/03_NeuralNetworks/001_DataCollection/DataCollected/IMG19/Image_1681244656644862.jpg,1.0
/home/pi/project/03_NeuralNetworks/001_DataCollection/DataCollected/IMG19/Image_1681244656862022.jpg,0.0
/home/pi/project/03_NeuralNetworks/001_DataCollection/DataCollected/IMG19/Image_1681244657080507.jpg,0.0
/home/pi/project/03_NeuralNetworks/001_DataCollection/DataCollected/IMG19/Image_1681244657297156.jpg,0.0
/home/pi/project/03_NeuralNetworks/001_DataCollection/DataCollected/IMG19/Image_1681244657513113.jpg,0.0
/home/pi/project/03_NeuralNetworks/001_DataCollection/DataCollected/IMG19/Image_1681244657728831.jpg,0.0
/home/pi/project/03_NeuralNetworks/001_DataCollection/DataCollected/IMG19/Image_1681244657945355.jpg,0.0
/home/pi/project/03_NeuralNetworks/001_DataCollection/DataCollected/IMG19/Image_1681244658161572.jpg,0.0
/home/pi/project/03_NeuralNetworks/001_DataCollection/DataCollected/IMG19/Image_1681244658378284.jpg,0.0
/home/pi/project/03_NeuralNetworks/001_DataCollection/DataCollected/IMG19/Image_168124465859482.jpg,1.0
/home/pi/project/03_NeuralNetworks/001_DataCollection/DataCollected/IMG19/Image_1681244658811338.jpg,0.0
/home/pi/project/03_NeuralNetworks/001_DataCollection/DataCollected/IMG19/Image_168124465902654.jpg,0.0
/home/pi/project/03_NeuralNetworks/001_DataCollection/DataCollected/IMG19/Image_1681244659242334.jpg,0.0
/home/pi/project/03_NeuralNetworks/001_DataCollection/DataCollected/IMG19/Image_1681244659458365.jpg,0.0
/home/pi/project/03_NeuralNetworks/001_DataCollection/DataCollected/IMG19/Image_1681244659684665.jpg,0.0
/home/pi/project/03_NeuralNetworks/001_DataCollection/DataCollected/IMG19/Image_1681244659900784.jpg,0.0
/home/pi/project/03_NeuralNetworks/001_DataCollection/DataCollected/IMG19/Image_1681244660117462.jpg,0.0
/home/pi/project/03_NeuralNetworks/001_DataCollection/DataCollected/IMG19/Image_1681244660333329.jpg,0.0
/home/pi/project/03_NeuralNetworks/001_DataCollection/DataCollected/IMG19/Image_1681244660550155.jpg,0.0
/home/pi/project/03_NeuralNetworks/001_DataCollection/DataCollected/IMG19/Image_1681244660767055.jpg,0.0
/home/pi/project/03_NeuralNetworks/001_DataCollection/DataCollected/IMG19/Image_1681244660985843.jpg,0.0
/home/pi/project/03_NeuralNetworks/001_DataCollection/DataCollected/IMG19/Image_1681244661201952.jpg,0.0
/home/pi/project/03_NeuralNetworks/001_DataCollection/DataCollected/IMG19/Image_1681244661418862.jpg,0.0
/home/pi/project/03_NeuralNetworks/001_DataCollection/DataCollected/IMG19/Image_1681244661635044.jpg,0.0
/home/pi/project/03_NeuralNetworks/001_DataCollection/DataCollected/IMG19/Image_1681244661852929.jpg,0.0
/home/pi/project/03_NeuralNetworks/001_DataCollection/DataCollected/IMG19/Image_1681244662070054.jpg,1.0
/home/pi/project/03_NeuralNetworks/001_DataCollection/DataCollected/IMG19/Image_1681244662287143.jpg,0.0
/home/pi/project/03_NeuralNetworks/001_DataCollection/DataCollected/IMG19/Image_1681244662502407.jpg,0.0
/home/pi/project/03_NeuralNetworks/001_DataCollection/DataCollected/IMG19/Image_168124466271986.jpg,0.0
/home/pi/project/03_NeuralNetworks/001_DataCollection/DataCollected/IMG19/Image_1681244662938045.jpg,0.0
/home/pi/project/03_NeuralNetworks/001_DataCollection/DataCollected/IMG19/Image_1681244663156508.jpg,0.0
/home/pi/project/03_NeuralNetworks/001_DataCollection/DataCollected/IMG19/Image_1681244663372906.jpg,0.0
/home/pi/project/03_NeuralNetworks/001_DataCollection/DataCollected/IMG19/Image_1681244663590711.jpg,0.0
/home/pi/project/03_NeuralNetworks/001_DataCollection/DataCollected/IMG19/Image_1681244663808977.jpg,0.0
/home/pi/project/03_NeuralNetworks/001_DataCollection/DataCollected/IMG19/Image_1681244664025334.jpg,0.0
/home/pi/project/03_NeuralNetworks/001_DataCollection/DataCollected/IMG19/Image_1681244664241502.jpg,0.0
/home/pi/project/03_NeuralNetworks/001_DataCollection/DataCollected/IMG19/Image_1681244664458773.jpg,0.0
/home/pi/project/03_NeuralNetworks/001_DataCollection/DataCollected/IMG19/Image_1681244664682275.jpg,1.0
/home/pi/project/03_NeuralNetworks/001_DataCollection/DataCollected/IMG19/Image_1681244664907793.jpg,0.0
/home/pi/project/03_NeuralNetworks/001_DataCollection/DataCollected/IMG19/Image_1681244665132698.jpg,0.0
/home/pi/project/03_NeuralNetworks/001_DataCollection/DataCollected/IMG19/Image_1681244665360296.jpg,0.0
/home/pi/project/03_NeuralNetworks/001_DataCollection/DataCollected/IMG19/Image_1681244665585366.jpg,0.0
/home/pi/project/03_NeuralNetworks/001_DataCollection/DataCollected/IMG19/Image_1681244665802369.jpg,0.0
/home/pi/project/03_NeuralNetworks/001_DataCollection/DataCollected/IMG19/Image_1681244666018765.jpg,0.0
/home/pi/project/03_NeuralNetworks/001_DataCollection/DataCollected/IMG19/Image_1681244666235344.jpg,0.0
/home/pi/project/03_NeuralNetworks/001_DataCollection/DataCollected/IMG19/Image_1681244666453136.jpg,0.0
/home/pi/project/03_NeuralNetworks/001_DataCollection/DataCollected/IMG19/Image_1681244666671184.jpg,1.0
/home/pi/project/03_NeuralNetworks/001_DataCollection/DataCollected/IMG19/Image_1681244666888649.jpg,0.0
/home/pi/project/03_NeuralNetworks/001_DataCollection/DataCollected/IMG19/Image_1681244667105742.jpg,0.0
/home/pi/project/03_NeuralNetworks/001_DataCollection/DataCollected/IMG19/Image_1681244667322207.jpg,0.86
/home/pi/project/03_NeuralNetworks/001_DataCollection/DataCollected/IMG19/Image_1681244667539212.jpg,0.95
/home/pi/project/03_NeuralNetworks/001_DataCollection/DataCollected/IMG19/Image_1681244667755662.jpg,0.0
/home/pi/project/03_NeuralNetworks/001_DataCollection/DataCollected/IMG19/Image_1681244667971315.jpg,0.0
/home/pi/project/03_NeuralNetworks/001_DataCollection/DataCollected/IMG19/Image_1681244668188031.jpg,0.0
/home/pi/project/03_NeuralNetworks/001_DataCollection/DataCollected/IMG19/Image_1681244668405036.jpg,0.31
/home/pi/project/03_NeuralNetworks/001_DataCollection/DataCollected/IMG19/Image_1681244668621834.jpg,0.0
/home/pi/project/03_NeuralNetworks/001_DataCollection/DataCollected/IMG19/Image_1681244668838338.jpg,0.0
/home/pi/project/03_NeuralNetworks/001_DataCollection/DataCollected/IMG19/Image_1681244669053922.jpg,0.0
/home/pi/project/03_NeuralNetworks/001_DataCollection/DataCollected/IMG19/Image_1681244669270731.jpg,0.38
/home/pi/project/03_NeuralNetworks/001_DataCollection/DataCollected/IMG19/Image_168124466948747.jpg,0.0
/home/pi/project/03_NeuralNetworks/001_DataCollection/DataCollected/IMG19/Image_1681244669707203.jpg,0.0
/home/pi/project/03_NeuralNetworks/001_DataCollection/DataCollected/IMG19/Image_1681244669924989.jpg,0.0
/home/pi/project/03_NeuralNetworks/001_DataCollection/DataCollected/IMG19/Image_1681244670142832.jpg,0.0
/home/pi/project/03_NeuralNetworks/001_DataCollection/DataCollected/IMG19/Image_1681244670360027.jpg,0.0
/home/pi/project/03_NeuralNetworks/001_DataCollection/DataCollected/IMG19/Image_168124467058082.jpg,0.0
/home/pi/project/03_NeuralNetworks/001_DataCollection/DataCollected/IMG19/Image_1681244670804537.jpg,0.0
/home/pi/project/03_NeuralNetworks/001_DataCollection/DataCollected/IMG19/Image_1681244671030611.jpg,0.0
/home/pi/project/03_NeuralNetworks/001_DataCollection/DataCollected/IMG19/Image_1681244671258811.jpg,0.0
/home/pi/project/03_NeuralNetworks/001_DataCollection/DataCollected/IMG19/Image_168124467148555.jpg,0.0
/home/pi/project/03_NeuralNetworks/001_DataCollection/DataCollected/IMG19/Image_1681244671703551.jpg,0.0
/home/pi/project/03_NeuralNetworks/001_DataCollection/DataCollected/IMG19/Image_1681244671919699.jpg,0.0
/home/pi/project/03_NeuralNetworks/001_DataCollection/DataCollected/IMG19/Image_168124467213561.jpg,0.0
/home/pi/project/03_NeuralNetworks/001_DataCollection/DataCollected/IMG19/Image_1681244672352205.jpg,0.0
/home/pi/project/03_NeuralNetworks/001_DataCollection/DataCollected/IMG19/Image_1681244672569046.jpg,0.0
/home/pi/project/03_NeuralNetworks/001_DataCollection/DataCollected/IMG19/Image_1681244672786391.jpg,0.0
/home/pi/project/03_NeuralNetworks/001_DataCollection/DataCollected/IMG19/Image_1681244673003459.jpg,0.0
/home/pi/project/03_NeuralNetworks/001_DataCollection/DataCollected/IMG19/Image_1681244673220354.jpg,0.0
/home/pi/project/03_NeuralNetworks/001_DataCollection/DataCollected/IMG19/Image_1681244673437168.jpg,0.0
/home/pi/project/03_NeuralNetworks/001_DataCollection/DataCollected/IMG19/Image_1681244673655357.jpg,0.26
/home/pi/project/03_NeuralNetworks/001_DataCollection/DataCollected/IMG19/Image_1681244673874223.jpg,0.0
/home/pi/project/03_NeuralNetworks/001_DataCollection/DataCollected/IMG19/Image_1681244674091321.jpg,0.0
/home/pi/project/03_NeuralNetworks/001_DataCollection/DataCollected/IMG19/Image_1681244674306874.jpg,0.0
/home/pi/project/03_NeuralNetworks/001_DataCollection/DataCollected/IMG19/Image_1681244674523997.jpg,0.67
/home/pi/project/03_NeuralNetworks/001_DataCollection/DataCollected/IMG19/Image_168124467474444.jpg,0.0
/home/pi/project/03_NeuralNetworks/001_DataCollection/DataCollected/IMG19/Image_1681244674960094.jpg,0.0
/home/pi/project/03_NeuralNetworks/001_DataCollection/DataCollected/IMG19/Image_1681244675176133.jpg,0.0
/home/pi/project/03_NeuralNetworks/001_DataCollection/DataCollected/IMG19/Image_1681244675392553.jpg,0.0
/home/pi/project/03_NeuralNetworks/001_DataCollection/DataCollected/IMG19/Image_16812446756107.jpg,0.0
/home/pi/project/03_NeuralNetworks/001_DataCollection/DataCollected/IMG19/Image_1681244675829201.jpg,0.0
/home/pi/project/03_NeuralNetworks/001_DataCollection/DataCollected/IMG19/Image_1681244676049295.jpg,0.0
/home/pi/project/03_NeuralNetworks/001_DataCollection/DataCollected/IMG19/Image_1681244676266246.jpg,0.81
/home/pi/project/03_NeuralNetworks/001_DataCollection/DataCollected/IMG19/Image_1681244676483316.jpg,0.0
/home/pi/project/03_NeuralNetworks/001_DataCollection/DataCollected/IMG19/Image_1681244676705068.jpg,0.0
/home/pi/project/03_NeuralNetworks/001_DataCollection/DataCollected/IMG19/Image_1681244676921492.jpg,0.0
/home/pi/project/03_NeuralNetworks/001_DataCollection/DataCollected/IMG19/Image_1681244677138702.jpg,0.0
/home/pi/project/03_NeuralNetworks/001_DataCollection/DataCollected/IMG19/Image_1681244677356094.jpg,0.0
/home/pi/project/03_NeuralNetworks/001_DataCollection/DataCollected/IMG19/Image_1681244677571718.jpg,0.0
/home/pi/project/03_NeuralNetworks/001_DataCollection/DataCollected/IMG19/Image_1681244677788647.jpg,0.0
/home/pi/project/03_NeuralNetworks/001_DataCollection/DataCollected/IMG19/Image_1681244678005388.jpg,0.0
/home/pi/project/03_NeuralNetworks/001_DataCollection/DataCollected/IMG19/Image_1681244678222629.jpg,0.0
/home/pi/project/03_NeuralNetworks/001_DataCollection/DataCollected/IMG19/Image_1681244678439302.jpg,0.0
/home/pi/project/03_NeuralNetworks/001_DataCollection/DataCollected/IMG19/Image_1681244678657322.jpg,0.0
/home/pi/project/03_NeuralNetworks/001_DataCollection/DataCollected/IMG19/Image_1681244678873857.jpg,0.0
/home/pi/project/03_NeuralNetworks/001_DataCollection/DataCollected/IMG19/Image_1681244679091029.jpg,0.0
/home/pi/project/03_NeuralNetworks/001_DataCollection/DataCollected/IMG19/Image_1681244679309125.jpg,0.0
/home/pi/project/03_NeuralNetworks/001_DataCollection/DataCollected/IMG19/Image_1681244679526988.jpg,0.0
/home/pi/project/03_NeuralNetworks/001_DataCollection/DataCollected/IMG19/Image_1681244679750209.jpg,1.0
/home/pi/project/03_NeuralNetworks/001_DataCollection/DataCollected/IMG19/Image_1681244679967475.jpg,0.0
/home/pi/project/03_NeuralNetworks/001_DataCollection/DataCollected/IMG19/Image_168124468018605.jpg,0.0
/home/pi/project/03_NeuralNetworks/001_DataCollection/DataCollected/IMG19/Image_1681244680403596.jpg,0.0
/home/pi/project/03_NeuralNetworks/001_DataCollection/DataCollected/IMG19/Image_1681244680622067.jpg,0.12
/home/pi/project/03_NeuralNetworks/001_DataCollection/DataCollected/IMG19/Image_1681244680838869.jpg,1.0
/home/pi/project/03_NeuralNetworks/001_DataCollection/DataCollected/IMG19/Image_1681244681056928.jpg,0.0
/home/pi/project/03_NeuralNetworks/001_DataCollection/DataCollected/IMG19/Image_1681244681275312.jpg,0.0
/home/pi/project/03_NeuralNetworks/001_DataCollection/DataCollected/IMG19/Image_1681244681492045.jpg,0.0
/home/pi/project/03_NeuralNetworks/001_DataCollection/DataCollected/IMG19/Image_1681244681713076.jpg,0.0
/home/pi/project/03_NeuralNetworks/001_DataCollection/DataCollected/IMG19/Image_1681244681942306.jpg,0.0
/home/pi/project/03_NeuralNetworks/001_DataCollection/DataCollected/IMG19/Image_1681244682167892.jpg,0.0
/home/pi/project/03_NeuralNetworks/001_DataCollection/DataCollected/IMG19/Image_1681244682395675.jpg,1.0
/home/pi/project/03_NeuralNetworks/001_DataCollection/DataCollected/IMG19/Image_1681244682620978.jpg,0.0
/home/pi/project/03_NeuralNetworks/001_DataCollection/DataCollected/IMG19/Image_1681244682838294.jpg,0.0
/home/pi/project/03_NeuralNetworks/001_DataCollection/DataCollected/IMG19/Image_168124468305617.jpg,0.0
/home/pi/project/03_NeuralNetworks/001_DataCollection/DataCollected/IMG19/Image_1681244683273129.jpg,0.0
/home/pi/project/03_NeuralNetworks/001_DataCollection/DataCollected/IMG19/Image_1681244683490585.jpg,0.0
/home/pi/project/03_NeuralNetworks/001_DataCollection/DataCollected/IMG19/Image_1681244683708683.jpg,0.0
/home/pi/project/03_NeuralNetworks/001_DataCollection/DataCollected/IMG19/Image_1681244683925238.jpg,0.0
/home/pi/project/03_NeuralNetworks/001_DataCollection/DataCollected/IMG19/Image_1681244684145122.jpg,0.0
/home/pi/project/03_NeuralNetworks/001_DataCollection/DataCollected/IMG19/Image_1681244684363672.jpg,1.0
/home/pi/project/03_NeuralNetworks/001_DataCollection/DataCollected/IMG19/Image_1681244684581545.jpg,0.0
/home/pi/project/03_NeuralNetworks/001_DataCollection/DataCollected/IMG19/Image_168124468480558.jpg,0.0
/home/pi/project/03_NeuralNetworks/001_DataCollection/DataCollected/IMG19/Image_1681244685022487.jpg,0.0
/home/pi/project/03_NeuralNetworks/001_DataCollection/DataCollected/IMG19/Image_1681244685240699.jpg,0.0
/home/pi/project/03_NeuralNetworks/001_DataCollection/DataCollected/IMG19/Image_1681244685457906.jpg,0.0
/home/pi/project/03_NeuralNetworks/001_DataCollection/DataCollected/IMG19/Image_16812446856769.jpg,0.3
/home/pi/project/03_NeuralNetworks/001_DataCollection/DataCollected/IMG19/Image_1681244685894546.jpg,1.0
/home/pi/project/03_NeuralNetworks/001_DataCollection/DataCollected/IMG19/Image_1681244686113765.jpg,0.0
/home/pi/project/03_NeuralNetworks/001_DataCollection/DataCollected/IMG19/Image_1681244686331386.jpg,0.0
/home/pi/project/03_NeuralNetworks/001_DataCollection/DataCollected/IMG19/Image_1681244686549785.jpg,0.0
/home/pi/project/03_NeuralNetworks/001_DataCollection/DataCollected/IMG19/Image_1681244686767468.jpg,0.0
/home/pi/project/03_NeuralNetworks/001_DataCollection/DataCollected/IMG19/Image_168124468698464.jpg,0.0
/home/pi/project/03_NeuralNetworks/001_DataCollection/DataCollected/IMG19/Image_1681244687203542.jpg,0.0
/home/pi/project/03_NeuralNetworks/001_DataCollection/DataCollected/IMG19/Image_1681244687420682.jpg,0.0
/home/pi/project/03_NeuralNetworks/001_DataCollection/DataCollected/IMG19/Image_1681244687642712.jpg,0.85
/home/pi/project/03_NeuralNetworks/001_DataCollection/DataCollected/IMG19/Image_1681244687869945.jpg,0.0
/home/pi/project/03_NeuralNetworks/001_DataCollection/DataCollected/IMG19/Image_1681244688099081.jpg,0.0
/home/pi/project/03_NeuralNetworks/001_DataCollection/DataCollected/IMG19/Image_1681244688326732.jpg,0.0
/home/pi/project/03_NeuralNetworks/001_DataCollection/DataCollected/IMG19/Image_1681244688556844.jpg,0.0
/home/pi/project/03_NeuralNetworks/001_DataCollection/DataCollected/IMG19/Image_1681244688778091.jpg,0.0
/home/pi/project/03_NeuralNetworks/001_DataCollection/DataCollected/IMG19/Image_1681244688995732.jpg,0.0
/home/pi/project/03_NeuralNetworks/001_DataCollection/DataCollected/IMG19/Image_1681244689212424.jpg,0.0
/home/pi/project/03_NeuralNetworks/001_DataCollection/DataCollected/IMG19/Image_1681244689429173.jpg,0.64
/home/pi/project/03_NeuralNetworks/001_DataCollection/DataCollected/IMG19/Image_1681244689646795.jpg,0.0
/home/pi/project/03_NeuralNetworks/001_DataCollection/DataCollected/IMG19/Image_1681244689867888.jpg,0.0
/home/pi/project/03_NeuralNetworks/001_DataCollection/DataCollected/IMG19/Image_1681244690084996.jpg,0.0
/home/pi/project/03_NeuralNetworks/001_DataCollection/DataCollected/IMG19/Image_1681244690301759.jpg,0.0
/home/pi/project/03_NeuralNetworks/001_DataCollection/DataCollected/IMG19/Image_1681244690519829.jpg,0.0
/home/pi/project/03_NeuralNetworks/001_DataCollection/DataCollected/IMG19/Image_1681244690738084.jpg,0.0
/home/pi/project/03_NeuralNetworks/001_DataCollection/DataCollected/IMG19/Image_1681244690955885.jpg,0.0
/home/pi/project/03_NeuralNetworks/001_DataCollection/DataCollected/IMG19/Image_168124469117448.jpg,0.0
/home/pi/project/03_NeuralNetworks/001_DataCollection/DataCollected/IMG19/Image_1681244691391811.jpg,0.0
/home/pi/project/03_NeuralNetworks/001_DataCollection/DataCollected/IMG19/Image_1681244691609669.jpg,0.0
/home/pi/project/03_NeuralNetworks/001_DataCollection/DataCollected/IMG19/Image_1681244691827766.jpg,1.0
/home/pi/project/03_NeuralNetworks/001_DataCollection/DataCollected/IMG19/Image_1681244692045337.jpg,0.0
/home/pi/project/03_NeuralNetworks/001_DataCollection/DataCollected/IMG19/Image_1681244692264406.jpg,0.0
/home/pi/project/03_NeuralNetworks/001_DataCollection/DataCollected/IMG19/Image_1681244692483802.jpg,0.0
/home/pi/project/03_NeuralNetworks/001_DataCollection/DataCollected/IMG19/Image_1681244692700954.jpg,0.0
/home/pi/project/03_NeuralNetworks/001_DataCollection/DataCollected/IMG19/Image_1681244692920662.jpg,0.0
/home/pi/project/03_NeuralNetworks/001_DataCollection/DataCollected/IMG19/Image_1681244693140835.jpg,0.0
/home/pi/project/03_NeuralNetworks/001_DataCollection/DataCollected/IMG19/Image_1681244693359812.jpg,0.0
/home/pi/project/03_NeuralNetworks/001_DataCollection/DataCollected/IMG19/Image_1681244693582868.jpg,0.0
/home/pi/project/03_NeuralNetworks/001_DataCollection/DataCollected/IMG19/Image_1681244693810831.jpg,0.0
/home/pi/project/03_NeuralNetworks/001_DataCollection/DataCollected/IMG19/Image_1681244694036393.jpg,0.0
/home/pi/project/03_NeuralNetworks/001_DataCollection/DataCollected/IMG19/Image_1681244694264649.jpg,0.0
/home/pi/project/03_NeuralNetworks/001_DataCollection/DataCollected/IMG19/Image_168124469449206.jpg,0.0
/home/pi/project/03_NeuralNetworks/001_DataCollection/DataCollected/IMG19/Image_1681244694710785.jpg,1.0
/home/pi/project/03_NeuralNetworks/001_DataCollection/DataCollected/IMG19/Image_1681244694933183.jpg,0.0
/home/pi/project/03_NeuralNetworks/001_DataCollection/DataCollected/IMG19/Image_1681244695150567.jpg,0.0
/home/pi/project/03_NeuralNetworks/001_DataCollection/DataCollected/IMG19/Image_1681244695366034.jpg,0.0
/home/pi/project/03_NeuralNetworks/001_DataCollection/DataCollected/IMG19/Image_168124469558386.jpg,0.0
/home/pi/project/03_NeuralNetworks/001_DataCollection/DataCollected/IMG19/Image_1681244695801293.jpg,0.14
/home/pi/project/03_NeuralNetworks/001_DataCollection/DataCollected/IMG19/Image_1681244696018653.jpg,0.84
/home/pi/project/03_NeuralNetworks/001_DataCollection/DataCollected/IMG19/Image_1681244696236647.jpg,0.0
/home/pi/project/03_NeuralNetworks/001_DataCollection/DataCollected/IMG19/Image_1681244696453421.jpg,0.0
/home/pi/project/03_NeuralNetworks/001_DataCollection/DataCollected/IMG19/Image_1681244696671649.jpg,0.0
/home/pi/project/03_NeuralNetworks/001_DataCollection/DataCollected/IMG19/Image_1681244696889066.jpg,0.0
/home/pi/project/03_NeuralNetworks/001_DataCollection/DataCollected/IMG19/Image_1681244697108258.jpg,0.0
/home/pi/project/03_NeuralNetworks/001_DataCollection/DataCollected/IMG19/Image_1681244697326349.jpg,0.0
/home/pi/project/03_NeuralNetworks/001_DataCollection/DataCollected/IMG19/Image_1681244697544386.jpg,0.0
/home/pi/project/03_NeuralNetworks/001_DataCollection/DataCollected/IMG19/Image_1681244697762577.jpg,0.96
/home/pi/project/03_NeuralNetworks/001_DataCollection/DataCollected/IMG19/Image_1681244697981134.jpg,0.0
/home/pi/project/03_NeuralNetworks/001_DataCollection/DataCollected/IMG19/Image_1681244698199228.jpg,0.0
/home/pi/project/03_NeuralNetworks/001_DataCollection/DataCollected/IMG19/Image_1681244698417559.jpg,0.0
/home/pi/project/03_NeuralNetworks/001_DataCollection/DataCollected/IMG19/Image_1681244698636364.jpg,0.0
/home/pi/project/03_NeuralNetworks/001_DataCollection/DataCollected/IMG19/Image_1681244698856043.jpg,0.0
/home/pi/project/03_NeuralNetworks/001_DataCollection/DataCollected/IMG19/Image_1681244699074178.jpg,0.0
/home/pi/project/03_NeuralNetworks/001_DataCollection/DataCollected/IMG19/Image_1681244699291776.jpg,0.0
/home/pi/project/03_NeuralNetworks/001_DataCollection/DataCollected/IMG19/Image_1681244699513812.jpg,0.0
/home/pi/project/03_NeuralNetworks/001_DataCollection/DataCollected/IMG19/Image_1681244699735076.jpg,0.0
/home/pi/project/03_NeuralNetworks/001_DataCollection/DataCollected/IMG19/Image_1681244699956906.jpg,0.0
/home/pi/project/03_NeuralNetworks/001_DataCollection/DataCollected/IMG19/Image_1681244700174309.jpg,0.0
/home/pi/project/03_NeuralNetworks/001_DataCollection/DataCollected/IMG19/Image_1681244700392888.jpg,0.0
/home/pi/project/03_NeuralNetworks/001_DataCollection/DataCollected/IMG19/Image_1681244700610673.jpg,0.0
/home/pi/project/03_NeuralNetworks/001_DataCollection/DataCollected/IMG19/Image_1681244700827633.jpg,0.0
/home/pi/project/03_NeuralNetworks/001_DataCollection/DataCollected/IMG19/Image_1681244701047506.jpg,0.0
/home/pi/project/03_NeuralNetworks/001_DataCollection/DataCollected/IMG19/Image_1681244701266486.jpg,0.0
/home/pi/project/03_NeuralNetworks/001_DataCollection/DataCollected/IMG19/Image_1681244701484246.jpg,0.0
/home/pi/project/03_NeuralNetworks/001_DataCollection/DataCollected/IMG19/Image_1681244701704334.jpg,1.0
/home/pi/project/03_NeuralNetworks/001_DataCollection/DataCollected/IMG19/Image_1681244701922505.jpg,0.0
/home/pi/project/03_NeuralNetworks/001_DataCollection/DataCollected/IMG19/Image_1681244702140251.jpg,0.0
/home/pi/project/03_NeuralNetworks/001_DataCollection/DataCollected/IMG19/Image_1681244702359189.jpg,0.0
/home/pi/project/03_NeuralNetworks/001_DataCollection/DataCollected/IMG19/Image_168124470257918.jpg,1.0
/home/pi/project/03_NeuralNetworks/001_DataCollection/DataCollected/IMG19/Image_1681244702796961.jpg,0.0
/home/pi/project/03_NeuralNetworks/001_DataCollection/DataCollected/IMG19/Image_1681244703013907.jpg,0.0
/home/pi/project/03_NeuralNetworks/001_DataCollection/DataCollected/IMG19/Image_1681244703230945.jpg,0.0
/home/pi/project/03_NeuralNetworks/001_DataCollection/DataCollected/IMG19/Image_1681244703449573.jpg,1.0
/home/pi/project/03_NeuralNetworks/001_DataCollection/DataCollected/IMG19/Image_1681244703667938.jpg,0.0
/home/pi/project/03_NeuralNetworks/001_DataCollection/DataCollected/IMG19/Image_1681244703887326.jpg,0.0
/home/pi/project/03_NeuralNetworks/001_DataCollection/DataCollected/IMG19/Image_1681244704105611.jpg,1.0
/home/pi/project/03_NeuralNetworks/001_DataCollection/DataCollected/IMG19/Image_1681244704325018.jpg,0.0
/home/pi/project/03_NeuralNetworks/001_DataCollection/DataCollected/IMG19/Image_168124470454352.jpg,0.0
/home/pi/project/03_NeuralNetworks/001_DataCollection/DataCollected/IMG19/Image_1681244704769579.jpg,0.0
/home/pi/project/03_NeuralNetworks/001_DataCollection/DataCollected/IMG19/Image_1681244705003459.jpg,0.0
/home/pi/project/03_NeuralNetworks/001_DataCollection/DataCollected/IMG19/Image_1681244705232472.jpg,0.0
/home/pi/project/03_NeuralNetworks/001_DataCollection/DataCollected/IMG19/Image_1681244705460043.jpg,0.0
/home/pi/project/03_NeuralNetworks/001_DataCollection/DataCollected/IMG19/Image_1681244705685938.jpg,0.0
/home/pi/project/03_NeuralNetworks/001_DataCollection/DataCollected/IMG19/Image_1681244705904045.jpg,0.0
/home/pi/project/03_NeuralNetworks/001_DataCollection/DataCollected/IMG19/Image_1681244706122376.jpg,-0.98
/home/pi/project/03_NeuralNetworks/001_DataCollection/DataCollected/IMG19/Image_1681244706340174.jpg,0.0
/home/pi/project/03_NeuralNetworks/001_DataCollection/DataCollected/IMG19/Image_1681244706557959.jpg,0.0
/home/pi/project/03_NeuralNetworks/001_DataCollection/DataCollected/IMG19/Image_1681244706778195.jpg,0.0
/home/pi/project/03_NeuralNetworks/001_DataCollection/DataCollected/IMG19/Image_1681244706996264.jpg,0.0
/home/pi/project/03_NeuralNetworks/001_DataCollection/DataCollected/IMG19/Image_1681244707214385.jpg,0.0
/home/pi/project/03_NeuralNetworks/001_DataCollection/DataCollected/IMG19/Image_1681244707434084.jpg,0.0
/home/pi/project/03_NeuralNetworks/001_DataCollection/DataCollected/IMG19/Image_1681244707654405.jpg,0.0
/home/pi/project/03_NeuralNetworks/001_DataCollection/DataCollected/IMG19/Image_1681244707874496.jpg,0.98
/home/pi/project/03_NeuralNetworks/001_DataCollection/DataCollected/IMG19/Image_1681244708092654.jpg,0.0
/home/pi/project/03_NeuralNetworks/001_DataCollection/DataCollected/IMG19/Image_1681244708310649.jpg,0.0
/home/pi/project/03_NeuralNetworks/001_DataCollection/DataCollected/IMG19/Image_168124470853007.jpg,0.0
/home/pi/project/03_NeuralNetworks/001_DataCollection/DataCollected/IMG19/Image_1681244708748832.jpg,0.0
/home/pi/project/03_NeuralNetworks/001_DataCollection/DataCollected/IMG19/Image_1681244708968734.jpg,0.0
/home/pi/project/03_NeuralNetworks/001_DataCollection/DataCollected/IMG19/Image_168124470918803.jpg,0.0
/home/pi/project/03_NeuralNetworks/001_DataCollection/DataCollected/IMG19/Image_1681244709405655.jpg,0.0
/home/pi/project/03_NeuralNetworks/001_DataCollection/DataCollected/IMG19/Image_1681244709625015.jpg,0.0
/home/pi/project/03_NeuralNetworks/001_DataCollection/DataCollected/IMG19/Image_168124470984355.jpg,0.0
/home/pi/project/03_NeuralNetworks/001_DataCollection/DataCollected/IMG19/Image_1681244710065303.jpg,0.0
/home/pi/project/03_NeuralNetworks/001_DataCollection/DataCollected/IMG19/Image_1681244710285659.jpg,0.0
/home/pi/project/03_NeuralNetworks/001_DataCollection/DataCollected/IMG19/Image_16812447105057.jpg,0.0
/home/pi/project/03_NeuralNetworks/001_DataCollection/DataCollected/IMG19/Image_1681244710733005.jpg,0.0
/home/pi/project/03_NeuralNetworks/001_DataCollection/DataCollected/IMG19/Image_1681244710959035.jpg,0.0
/home/pi/project/03_NeuralNetworks/001_DataCollection/DataCollected/IMG19/Image_1681244711187267.jpg,0.0
/home/pi/project/03_NeuralNetworks/001_DataCollection/DataCollected/IMG19/Image_1681244711415771.jpg,0.0
/home/pi/project/03_NeuralNetworks/001_DataCollection/DataCollected/IMG19/Image_1681244711645845.jpg,0.0
/home/pi/project/03_NeuralNetworks/001_DataCollection/DataCollected/IMG19/Image_1681244711864711.jpg,0.0
/home/pi/project/03_NeuralNetworks/001_DataCollection/DataCollected/IMG19/Image_1681244712082849.jpg,0.0
/home/pi/project/03_NeuralNetworks/001_DataCollection/DataCollected/IMG19/Image_1681244712301227.jpg,0.0
/home/pi/project/03_NeuralNetworks/001_DataCollection/DataCollected/IMG19/Image_1681244712519857.jpg,0.0
/home/pi/project/03_NeuralNetworks/001_DataCollection/DataCollected/IMG19/Image_1681244712738736.jpg,0.0
/home/pi/project/03_NeuralNetworks/001_DataCollection/DataCollected/IMG19/Image_1681244712956176.jpg,0.0
/home/pi/project/03_NeuralNetworks/001_DataCollection/DataCollected/IMG19/Image_1681244713175007.jpg,0.0
/home/pi/project/03_NeuralNetworks/001_DataCollection/DataCollected/IMG19/Image_1681244713393159.jpg,0.0
/home/pi/project/03_NeuralNetworks/001_DataCollection/DataCollected/IMG19/Image_1681244713611355.jpg,0.0
/home/pi/project/03_NeuralNetworks/001_DataCollection/DataCollected/IMG19/Image_1681244713831405.jpg,0.0
/home/pi/project/03_NeuralNetworks/001_DataCollection/DataCollected/IMG19/Image_1681244714049342.jpg,0.0
/home/pi/project/03_NeuralNetworks/001_DataCollection/DataCollected/IMG19/Image_1681244714267307.jpg,0.0
/home/pi/project/03_NeuralNetworks/001_DataCollection/DataCollected/IMG19/Image_1681244714485798.jpg,0.0
/home/pi/project/03_NeuralNetworks/001_DataCollection/DataCollected/IMG19/Image_1681244714704101.jpg,0.0
/home/pi/project/03_NeuralNetworks/001_DataCollection/DataCollected/IMG19/Image_1681244714922618.jpg,0.42
/home/pi/project/03_NeuralNetworks/001_DataCollection/DataCollected/IMG19/Image_1681244715144773.jpg,0.0
/home/pi/project/03_NeuralNetworks/001_DataCollection/DataCollected/IMG19/Image_1681244715363946.jpg,0.0
/home/pi/project/03_NeuralNetworks/001_DataCollection/DataCollected/IMG19/Image_1681244715582306.jpg,0.0
/home/pi/project/03_NeuralNetworks/001_DataCollection/DataCollected/IMG19/Image_1681244715802115.jpg,0.0
/home/pi/project/03_NeuralNetworks/001_DataCollection/DataCollected/IMG19/Image_1681244716020302.jpg,0.0
/home/pi/project/03_NeuralNetworks/001_DataCollection/DataCollected/IMG19/Image_1681244716239862.jpg,1.0
/home/pi/project/03_NeuralNetworks/001_DataCollection/DataCollected/IMG19/Image_1681244716458747.jpg,0.0
/home/pi/project/03_NeuralNetworks/001_DataCollection/DataCollected/IMG19/Image_1681244716680665.jpg,0.0
/home/pi/project/03_NeuralNetworks/001_DataCollection/DataCollected/IMG19/Image_1681244716911665.jpg,1.0
/home/pi/project/03_NeuralNetworks/001_DataCollection/DataCollected/IMG19/Image_1681244717141451.jpg,1.0
/home/pi/project/03_NeuralNetworks/001_DataCollection/DataCollected/IMG19/Image_1681244717372607.jpg,0.0
/home/pi/project/03_NeuralNetworks/001_DataCollection/DataCollected/IMG19/Image_1681244717602144.jpg,0.0
/home/pi/project/03_NeuralNetworks/001_DataCollection/DataCollected/IMG19/Image_1681244717821604.jpg,0.0
/home/pi/project/03_NeuralNetworks/001_DataCollection/DataCollected/IMG19/Image_1681244718040123.jpg,0.0
/home/pi/project/03_NeuralNetworks/001_DataCollection/DataCollected/IMG19/Image_168124471825827.jpg,0.0
/home/pi/project/03_NeuralNetworks/001_DataCollection/DataCollected/IMG19/Image_1681244718475978.jpg,0.0
/home/pi/project/03_NeuralNetworks/001_DataCollection/DataCollected/IMG19/Image_1681244718695275.jpg,0.0
/home/pi/project/03_NeuralNetworks/001_DataCollection/DataCollected/IMG19/Image_1681244718913716.jpg,0.0
/home/pi/project/03_NeuralNetworks/001_DataCollection/DataCollected/IMG19/Image_1681244719132434.jpg,0.0
/home/pi/project/03_NeuralNetworks/001_DataCollection/DataCollected/IMG19/Image_1681244719350762.jpg,0.0
/home/pi/project/03_NeuralNetworks/001_DataCollection/DataCollected/IMG19/Image_1681244719569365.jpg,1.0
/home/pi/project/03_NeuralNetworks/001_DataCollection/DataCollected/IMG19/Image_1681244719788815.jpg,0.0
/home/pi/project/03_NeuralNetworks/001_DataCollection/DataCollected/IMG19/Image_1681244720007528.jpg,0.0
/home/pi/project/03_NeuralNetworks/001_DataCollection/DataCollected/IMG19/Image_1681244720231257.jpg,0.0
/home/pi/project/03_NeuralNetworks/001_DataCollection/DataCollected/IMG19/Image_168124472045063.jpg,0.0
/home/pi/project/03_NeuralNetworks/001_DataCollection/DataCollected/IMG19/Image_1681244720670828.jpg,0.0
/home/pi/project/03_NeuralNetworks/001_DataCollection/DataCollected/IMG19/Image_1681244720888994.jpg,0.0
/home/pi/project/03_NeuralNetworks/001_DataCollection/DataCollected/IMG19/Image_1681244721108449.jpg,0.71
/home/pi/project/03_NeuralNetworks/001_DataCollection/DataCollected/IMG19/Image_1681244721327943.jpg,0.0
/home/pi/project/03_NeuralNetworks/001_DataCollection/DataCollected/IMG19/Image_1681244721547677.jpg,0.0
/home/pi/project/03_NeuralNetworks/001_DataCollection/DataCollected/IMG19/Image_168124472176602.jpg,0.0
/home/pi/project/03_NeuralNetworks/001_DataCollection/DataCollected/IMG19/Image_1681244721986408.jpg,0.0
/home/pi/project/03_NeuralNetworks/001_DataCollection/DataCollected/IMG19/Image_1681244722204568.jpg,0.0
/home/pi/project/03_NeuralNetworks/001_DataCollection/DataCollected/IMG19/Image_1681244722424223.jpg,0.0
/home/pi/project/03_NeuralNetworks/001_DataCollection/DataCollected/IMG19/Image_1681244722646584.jpg,0.0
/home/pi/project/03_NeuralNetworks/001_DataCollection/DataCollected/IMG19/Image_1681244722880469.jpg,0.0
/home/pi/project/03_NeuralNetworks/001_DataCollection/DataCollected/IMG19/Image_1681244723111405.jpg,0.0
/home/pi/project/03_NeuralNetworks/001_DataCollection/DataCollected/IMG19/Image_1681244723330317.jpg,0.0
/home/pi/project/03_NeuralNetworks/001_DataCollection/DataCollected/IMG19/Image_168124472354912.jpg,0.0
/home/pi/project/03_NeuralNetworks/001_DataCollection/DataCollected/IMG19/Image_168124472376805.jpg,0.0
/home/pi/project/03_NeuralNetworks/001_DataCollection/DataCollected/IMG19/Image_1681244723987189.jpg,0.58
/home/pi/project/03_NeuralNetworks/001_DataCollection/DataCollected/IMG19/Image_1681244724205032.jpg,0.0
/home/pi/project/03_NeuralNetworks/001_DataCollection/DataCollected/IMG19/Image_1681244724424595.jpg,0.0
/home/pi/project/03_NeuralNetworks/001_DataCollection/DataCollected/IMG19/Image_1681244724643712.jpg,0.0
/home/pi/project/03_NeuralNetworks/001_DataCollection/DataCollected/IMG19/Image_1681244724862259.jpg,0.0
/home/pi/project/03_NeuralNetworks/001_DataCollection/DataCollected/IMG19/Image_1681244725081117.jpg,0.0
/home/pi/project/03_NeuralNetworks/001_DataCollection/DataCollected/IMG19/Image_1681244725305126.jpg,0.0
/home/pi/project/03_NeuralNetworks/001_DataCollection/DataCollected/IMG19/Image_1681244725526366.jpg,0.0
/home/pi/project/03_NeuralNetworks/001_DataCollection/DataCollected/IMG19/Image_1681244725745019.jpg,0.0
/home/pi/project/03_NeuralNetworks/001_DataCollection/DataCollected/IMG19/Image_1681244725963043.jpg,0.0
/home/pi/project/03_NeuralNetworks/001_DataCollection/DataCollected/IMG19/Image_1681244726181675.jpg,0.22
/home/pi/project/03_NeuralNetworks/001_DataCollection/DataCollected/IMG19/Image_1681244726400222.jpg,0.02
/home/pi/project/03_NeuralNetworks/001_DataCollection/DataCollected/IMG19/Image_1681244726618208.jpg,0.65
/home/pi/project/03_NeuralNetworks/001_DataCollection/DataCollected/IMG19/Image_168124472683675.jpg,0.0
/home/pi/project/03_NeuralNetworks/001_DataCollection/DataCollected/IMG19/Image_168124472705592.jpg,0.0
/home/pi/project/03_NeuralNetworks/001_DataCollection/DataCollected/IMG19/Image_1681244727273731.jpg,0.0
/home/pi/project/03_NeuralNetworks/001_DataCollection/DataCollected/IMG19/Image_1681244727493398.jpg,0.0
/home/pi/project/03_NeuralNetworks/001_DataCollection/DataCollected/IMG19/Image_1681244727712433.jpg,0.0
/home/pi/project/03_NeuralNetworks/001_DataCollection/DataCollected/IMG19/Image_1681244727931215.jpg,0.0
/home/pi/project/03_NeuralNetworks/001_DataCollection/DataCollected/IMG19/Image_1681244728151753.jpg,0.0
/home/pi/project/03_NeuralNetworks/001_DataCollection/DataCollected/IMG19/Image_1681244728381601.jpg,0.0
/home/pi/project/03_NeuralNetworks/001_DataCollection/DataCollected/IMG19/Image_1681244728613191.jpg,0.0
/home/pi/project/03_NeuralNetworks/001_DataCollection/DataCollected/IMG19/Image_1681244728832341.jpg,0.0
/home/pi/project/03_NeuralNetworks/001_DataCollection/DataCollected/IMG19/Image_1681244729051932.jpg,0.0
/home/pi/project/03_NeuralNetworks/001_DataCollection/DataCollected/IMG19/Image_1681244729270174.jpg,0.0
/home/pi/project/03_NeuralNetworks/001_DataCollection/DataCollected/IMG19/Image_1681244729490383.jpg,0.0
/home/pi/project/03_NeuralNetworks/001_DataCollection/DataCollected/IMG19/Image_1681244729709871.jpg,0.0
/home/pi/project/03_NeuralNetworks/001_DataCollection/DataCollected/IMG19/Image_1681244729929626.jpg,0.0
/home/pi/project/03_NeuralNetworks/001_DataCollection/DataCollected/IMG19/Image_1681244730148133.jpg,0.0
/home/pi/project/03_NeuralNetworks/001_DataCollection/DataCollected/IMG19/Image_1681244730374437.jpg,0.0
/home/pi/project/03_NeuralNetworks/001_DataCollection/DataCollected/IMG19/Image_1681244736231273.jpg,0.0
/home/pi/project/03_NeuralNetworks/001_DataCollection/DataCollected/IMG19/Image_1681244736450267.jpg,0.0
/home/pi/project/03_NeuralNetworks/001_DataCollection/DataCollected/IMG19/Image_1681244736458911.jpg,0.0
/home/pi/project/03_NeuralNetworks/001_DataCollection/DataCollected/IMG19/Image_1681244736466467.jpg,0.0
/home/pi/project/03_NeuralNetworks/001_DataCollection/DataCollected/IMG19/Image_1681244736475561.jpg,0.0
/home/pi/project/03_NeuralNetworks/001_DataCollection/DataCollected/IMG19/Image_1681244736483014.jpg,0.0
/home/pi/project/03_NeuralNetworks/001_DataCollection/DataCollected/IMG19/Image_1681244736491592.jpg,0.0
/home/pi/project/03_NeuralNetworks/001_DataCollection/DataCollected/IMG19/Image_1681244736508463.jpg,0.0
/home/pi/project/03_NeuralNetworks/001_DataCollection/DataCollected/IMG19/Image_1681244736538858.jpg,0.0
/home/pi/project/03_NeuralNetworks/001_DataCollection/DataCollected/IMG19/Image_168124473657314.jpg,0.0
/home/pi/project/03_NeuralNetworks/001_DataCollection/DataCollected/IMG19/Image_1681244736606934.jpg,0.0
/home/pi/project/03_NeuralNetworks/001_DataCollection/DataCollected/IMG19/Image_1681244736640752.jpg,0.0
/home/pi/project/03_NeuralNetworks/001_DataCollection/DataCollected/IMG19/Image_1681244736674012.jpg,0.0
/home/pi/project/03_NeuralNetworks/001_DataCollection/DataCollected/IMG19/Image_1681244736708656.jpg,0.0
/home/pi/project/03_NeuralNetworks/001_DataCollection/DataCollected/IMG19/Image_1681244736739073.jpg,0.0
/home/pi/project/03_NeuralNetworks/001_DataCollection/DataCollected/IMG19/Image_1681244736772474.jpg,0.0
/home/pi/project/03_NeuralNetworks/001_DataCollection/DataCollected/IMG19/Image_1681244736808797.jpg,0.0
/home/pi/project/03_NeuralNetworks/001_DataCollection/DataCollected/IMG19/Image_1681244736839108.jpg,0.0
/home/pi/project/03_NeuralNetworks/001_DataCollection/DataCollected/IMG19/Image_1681244736871861.jpg,0.0
/home/pi/project/03_NeuralNetworks/001_DataCollection/DataCollected/IMG19/Image_168124473690599.jpg,0.0
/home/pi/project/03_NeuralNetworks/001_DataCollection/DataCollected/IMG19/Image_168124473694003.jpg,0.0
/home/pi/project/03_NeuralNetworks/001_DataCollection/DataCollected/IMG19/Image_1681244736974147.jpg,0.0
/home/pi/project/03_NeuralNetworks/001_DataCollection/DataCollected/IMG19/Image_1681244737005632.jpg,0.0
/home/pi/project/03_NeuralNetworks/001_DataCollection/DataCollected/IMG19/Image_1681244737038728.jpg,0.0
/home/pi/project/03_NeuralNetworks/001_DataCollection/DataCollected/IMG19/Image_1681244737072005.jpg,0.0
/home/pi/project/03_NeuralNetworks/001_DataCollection/DataCollected/IMG19/Image_1681244737105828.jpg,0.0
/home/pi/project/03_NeuralNetworks/001_DataCollection/DataCollected/IMG19/Image_168124473714049.jpg,0.0
/home/pi/project/03_NeuralNetworks/001_DataCollection/DataCollected/IMG19/Image_1681244737172115.jpg,0.0
/home/pi/project/03_NeuralNetworks/001_DataCollection/DataCollected/IMG19/Image_168124473720596.jpg,0.0
/home/pi/project/03_NeuralNetworks/001_DataCollection/DataCollected/IMG19/Image_1681244737238488.jpg,0.0
/home/pi/project/03_NeuralNetworks/001_DataCollection/DataCollected/IMG19/Image_1681244737273046.jpg,0.0
/home/pi/project/03_NeuralNetworks/001_DataCollection/DataCollected/IMG19/Image_1681244737307043.jpg,0.0
/home/pi/project/03_NeuralNetworks/001_DataCollection/DataCollected/IMG19/Image_1681244737339221.jpg,0.0
/home/pi/project/03_NeuralNetworks/001_DataCollection/DataCollected/IMG19/Image_1681244737373804.jpg,0.0
/home/pi/project/03_NeuralNetworks/001_DataCollection/DataCollected/IMG19/Image_1681244737405487.jpg,0.0
/home/pi/project/03_NeuralNetworks/001_DataCollection/DataCollected/IMG19/Image_1681244737438897.jpg,0.0
/home/pi/project/03_NeuralNetworks/001_DataCollection/DataCollected/IMG19/Image_1681244737473922.jpg,0.0
/home/pi/project/03_NeuralNetworks/001_DataCollection/DataCollected/IMG19/Image_168124473750609.jpg,0.0
/home/pi/project/03_NeuralNetworks/001_DataCollection/DataCollected/IMG19/Image_1681244737538943.jpg,0.0
/home/pi/project/03_NeuralNetworks/001_DataCollection/DataCollected/IMG19/Image_1681244737572261.jpg,0.0
/home/pi/project/03_NeuralNetworks/001_DataCollection/DataCollected/IMG19/Image_1681244737606204.jpg,0.0
/home/pi/project/03_NeuralNetworks/001_DataCollection/DataCollected/IMG19/Image_1681244737824702.jpg,0.0
/home/pi/project/03_NeuralNetworks/001_DataCollection/DataCollected/IMG19/Image_1681244737835569.jpg,0.0
/home/pi/project/03_NeuralNetworks/001_DataCollection/DataCollected/IMG19/Image_168124473784512.jpg,0.0
/home/pi/project/03_NeuralNetworks/001_DataCollection/DataCollected/IMG19/Image_1681244737855189.jpg,0.0
/home/pi/project/03_NeuralNetworks/001_DataCollection/DataCollected/IMG19/Image_1681244737864057.jpg,0.0
/home/pi/project/03_NeuralNetworks/001_DataCollection/DataCollected/IMG19/Image_1681244737872885.jpg,0.0
/home/pi/project/03_NeuralNetworks/001_DataCollection/DataCollected/IMG19/Image_168124473788085.jpg,0.0
/home/pi/project/03_NeuralNetworks/001_DataCollection/DataCollected/IMG19/Image_1681244737905019.jpg,0.0
/home/pi/project/03_NeuralNetworks/001_DataCollection/DataCollected/IMG19/Image_1681244737939251.jpg,0.0
/home/pi/project/03_NeuralNetworks/001_DataCollection/DataCollected/IMG19/Image_1681244737974087.jpg,0.0
/home/pi/project/03_NeuralNetworks/001_DataCollection/DataCollected/IMG19/Image_168124473800547.jpg,0.0
/home/pi/project/03_NeuralNetworks/001_DataCollection/DataCollected/IMG19/Image_1681244738038621.jpg,0.0
/home/pi/project/03_NeuralNetworks/001_DataCollection/DataCollected/IMG19/Image_1681244738073794.jpg,0.0
/home/pi/project/03_NeuralNetworks/001_DataCollection/DataCollected/IMG19/Image_1681244738104771.jpg,0.0
/home/pi/project/03_NeuralNetworks/001_DataCollection/DataCollected/IMG19/Image_1681244738142817.jpg,0.0
/home/pi/project/03_NeuralNetworks/001_DataCollection/DataCollected/IMG19/Image_1681244738171826.jpg,0.0
/home/pi/project/03_NeuralNetworks/001_DataCollection/DataCollected/IMG19/Image_1681244738205173.jpg,0.0
/home/pi/project/03_NeuralNetworks/001_DataCollection/DataCollected/IMG19/Image_1681244738239331.jpg,0.0
/home/pi/project/03_NeuralNetworks/001_DataCollection/DataCollected/IMG19/Image_168124473827272.jpg,0.0
/home/pi/project/03_NeuralNetworks/001_DataCollection/DataCollected/IMG19/Image_1681244738306998.jpg,0.0
/home/pi/project/03_NeuralNetworks/001_DataCollection/DataCollected/IMG19/Image_1681244738339966.jpg,0.0
/home/pi/project/03_NeuralNetworks/001_DataCollection/DataCollected/IMG19/Image_1681244738371495.jpg,0.0
/home/pi/project/03_NeuralNetworks/001_DataCollection/DataCollected/IMG19/Image_1681244738405504.jpg,0.0
/home/pi/project/03_NeuralNetworks/001_DataCollection/DataCollected/IMG19/Image_1681244738438106.jpg,0.0
/home/pi/project/03_NeuralNetworks/001_DataCollection/DataCollected/IMG19/Image_1681244738473224.jpg,0.0
/home/pi/project/03_NeuralNetworks/001_DataCollection/DataCollected/IMG19/Image_1681244738505195.jpg,0.0
/home/pi/project/03_NeuralNetworks/001_DataCollection/DataCollected/IMG19/Image_1681244738538785.jpg,0.0
/home/pi/project/03_NeuralNetworks/001_DataCollection/DataCollected/IMG19/Image_1681244738571777.jpg,0.0
/home/pi/project/03_NeuralNetworks/001_DataCollection/DataCollected/IMG19/Image_1681244738605952.jpg,0.0
/home/pi/project/03_NeuralNetworks/001_DataCollection/DataCollected/IMG19/Image_1681244738639836.jpg,0.0
/home/pi/project/03_NeuralNetworks/001_DataCollection/DataCollected/IMG19/Image_1681244738671649.jpg,0.0
/home/pi/project/03_NeuralNetworks/001_DataCollection/DataCollected/IMG19/Image_168124473870493.jpg,0.0
/home/pi/project/03_NeuralNetworks/001_DataCollection/DataCollected/IMG19/Image_1681244738738397.jpg,0.0
/home/pi/project/03_NeuralNetworks/001_DataCollection/DataCollected/IMG19/Image_1681244738771019.jpg,0.0
/home/pi/project/03_NeuralNetworks/001_DataCollection/DataCollected/IMG19/Image_1681244738806699.jpg,0.0
/home/pi/project/03_NeuralNetworks/001_DataCollection/DataCollected/IMG19/Image_1681244738838143.jpg,0.0
/home/pi/project/03_NeuralNetworks/001_DataCollection/DataCollected/IMG19/Image_1681244738871302.jpg,0.0
/home/pi/project/03_NeuralNetworks/001_DataCollection/DataCollected/IMG19/Image_1681244738904769.jpg,0.0
/home/pi/project/03_NeuralNetworks/001_DataCollection/DataCollected/IMG19/Image_1681244738940454.jpg,0.0
/home/pi/project/03_NeuralNetworks/001_DataCollection/DataCollected/IMG19/Image_1681244738972972.jpg,0.0
/home/pi/project/03_NeuralNetworks/001_DataCollection/DataCollected/IMG19/Image_1681244739004946.jpg,0.0
/home/pi/project/03_NeuralNetworks/001_DataCollection/DataCollected/IMG19/Image_168124473903825.jpg,0.0
/home/pi/project/03_NeuralNetworks/001_DataCollection/DataCollected/IMG19/Image_1681244739071326.jpg,0.0
/home/pi/project/03_NeuralNetworks/001_DataCollection/DataCollected/IMG19/Image_1681244739105052.jpg,0.0
/home/pi/project/03_NeuralNetworks/001_DataCollection/DataCollected/IMG19/Image_1681244739139321.jpg,0.0
/home/pi/project/03_NeuralNetworks/001_DataCollection/DataCollected/IMG19/Image_16812447391708.jpg,0.0
/home/pi/project/03_NeuralNetworks/001_DataCollection/DataCollected/IMG19/Image_1681244739204715.jpg,0.0
/home/pi/project/03_NeuralNetworks/001_DataCollection/DataCollected/IMG19/Image_1681244739238211.jpg,0.0
/home/pi/project/03_NeuralNetworks/001_DataCollection/DataCollected/IMG19/Image_168124473927187.jpg,0.0
/home/pi/project/03_NeuralNetworks/001_DataCollection/DataCollected/IMG19/Image_1681244739306187.jpg,0.0
/home/pi/project/03_NeuralNetworks/001_DataCollection/DataCollected/IMG19/Image_1681244739337389.jpg,0.0
/home/pi/project/03_NeuralNetworks/001_DataCollection/DataCollected/IMG19/Image_1681244739371532.jpg,0.0
/home/pi/project/03_NeuralNetworks/001_DataCollection/DataCollected/IMG19/Image_1681244739404816.jpg,0.0
/home/pi/project/03_NeuralNetworks/001_DataCollection/DataCollected/IMG19/Image_1681244739438713.jpg,0.0
/home/pi/project/03_NeuralNetworks/001_DataCollection/DataCollected/IMG19/Image_168124473947288.jpg,0.0
/home/pi/project/03_NeuralNetworks/001_DataCollection/DataCollected/IMG19/Image_1681244739505989.jpg,0.0
/home/pi/project/03_NeuralNetworks/001_DataCollection/DataCollected/IMG19/Image_1681244739538282.jpg,0.0
/home/pi/project/03_NeuralNetworks/001_DataCollection/DataCollected/IMG19/Image_1681244739571554.jpg,0.0
/home/pi/project/03_NeuralNetworks/001_DataCollection/DataCollected/IMG19/Image_168124473961417.jpg,0.0
/home/pi/project/03_NeuralNetworks/001_DataCollection/DataCollected/IMG19/Image_1681244739651698.jpg,0.0
/home/pi/project/03_NeuralNetworks/001_DataCollection/DataCollected/IMG19/Image_1681244739681645.jpg,0.0
/home/pi/project/03_NeuralNetworks/001_DataCollection/DataCollected/IMG19/Image_1681244739709502.jpg,0.0
/home/pi/project/03_NeuralNetworks/001_DataCollection/DataCollected/IMG19/Image_1681244739742839.jpg,0.0
/home/pi/project/03_NeuralNetworks/001_DataCollection/DataCollected/IMG19/Image_1681244739777316.jpg,0.0
/home/pi/project/03_NeuralNetworks/001_DataCollection/DataCollected/IMG19/Image_1681244739812801.jpg,0.0
/home/pi/project/03_NeuralNetworks/001_DataCollection/DataCollected/IMG19/Image_1681244739842133.jpg,0.0
/home/pi/project/03_NeuralNetworks/001_DataCollection/DataCollected/IMG19/Image_1681244739876141.jpg,0.0
/home/pi/project/03_NeuralNetworks/001_DataCollection/DataCollected/IMG19/Image_1681244739908446.jpg,0.0
/home/pi/project/03_NeuralNetworks/001_DataCollection/DataCollected/IMG19/Image_1681244739941579.jpg,0.0
